Filename,Age,Mean F0,Mean Confidence,Fallback Used
6Y-002A-F4-02.wav,6.0,757.7727269938595,0.727549290303521,"No Fallback, 90% Confidence"
10Y-028A-F1-02.wav,10.0,407.2885242755487,0.757459567074316,"No Fallback, 90% Confidence"
3Y-070A-F-04.wav,3.0,731.1697775471489,0.8399366377429529,"No Fallback, 90% Confidence"
6Y-033A-M-09.wav,6.0,416.12364088552397,0.6051339004878644,Fallback to Mid Confidence (75%)
2Y-000B-F1-WO-03.wav,2.0,743.1891041809802,0.667106834639396,"No Fallback, 90% Confidence"
3Y-071A-X-07.wav,3.0,495.08820777041495,0.7610600541035334,"No Fallback, 90% Confidence"
8Y-020AB-M7-02.wav,8.0,531.9470521127142,0.6954552217533714,"No Fallback, 90% Confidence"
5Y-000A-F1-01.wav,5.0,469.13695474690076,0.6987852766178548,"No Fallback, 90% Confidence"
18Y-117A-F1-05.wav,18.0,909.353348963152,0.15766974398866296,Fallback to All Data
11Y-015A-M5-01.wav,11.0,391.1949368718439,0.6705898044553275,"No Fallback, 90% Confidence"
0Y-8week-046A-39.wav,0.0,743.5425662082583,0.47280139189500076,"No Fallback, 90% Confidence"
7Y-026A-F5.wav,7.0,487.6743891775797,0.22969032482244076,Fallback to Low Confidence (50%)
0Y-8week-046A-05.wav,0.0,823.4898799114089,0.3872969499207102,"No Fallback, 90% Confidence"
5Y-000A-F9-HD-05.wav,5.0,1895.8575267132883,0.38079908275731694,Fallback to Mid Confidence (75%)
0Y-3month-042A-01.wav,0.0,636.2694538024091,0.8739492193857828,"No Fallback, 90% Confidence"
1Y-065A-F-01.wav,1.0,893.6920153008575,0.8022779682769051,"No Fallback, 90% Confidence"
0Y-8week-046A-11.wav,0.0,757.9068709802007,0.6911453356345495,"No Fallback, 90% Confidence"
15Y-106A-M2-AT-04.wav,15.0,835.7893615585211,0.4401398089093467,Fallback to Mid Confidence (75%)
5Y-000A-F9-AF-03.wav,5.0,575.3980661575804,0.5077611693869466,Fallback to Mid Confidence (75%)
2Y-000B-F4-01.wav,2.0,507.83195938547067,0.7592864498496056,"No Fallback, 90% Confidence"
11Y-053A-F-01.wav,11.0,381.4840381666629,0.7705822603343284,"No Fallback, 90% Confidence"
6Y-023B-M1-04.wav,6.0,516.593541775111,0.7743426353523606,"No Fallback, 90% Confidence"
7Y-038A-F-01.wav,7.0,1058.218567208579,0.8651608820410742,"No Fallback, 90% Confidence"
15Y-106A-M2-AT-05.wav,15.0,465.72035221256306,0.6775931136948722,"No Fallback, 90% Confidence"
0Y-8week-046A-10.wav,0.0,734.2466232663171,0.47406988436033803,Fallback to Mid Confidence (75%)
7Y-026A-F4.wav,7.0,487.4827465410509,0.8793974053568956,"No Fallback, 90% Confidence"
5Y-000A-F9-HD-04.wav,5.0,608.1999384946461,0.1726929637194244,Fallback to Low Confidence (50%)
0Y-8week-046A-04.wav,0.0,776.4490662188075,0.4678622900254347,"No Fallback, 90% Confidence"
0Y-5wks-014B-X1-06.wav,0.0,1154.9024256706045,0.022889338985329404,Fallback to All Data
0Y-8week-046A-38.wav,0.0,707.3009886891489,0.7243910947088468,Fallback to Mid Confidence (75%)
18Y-117A-F1-04.wav,18.0,1103.893856939463,0.09973554811237947,Fallback to All Data
3Y-071A-X-06.wav,3.0,458.78112003782826,0.8365735986403057,"No Fallback, 90% Confidence"
7Y-026C-F1.wav,7.0,770.8902088444407,0.5497663724753592,Fallback to Mid Confidence (75%)
2Y-000B-F1-WO-02.wav,2.0,601.5186817724548,0.6502346024499275,"No Fallback, 90% Confidence"
6Y-033A-M-08.wav,6.0,466.82036470829246,0.69850446180337,"No Fallback, 90% Confidence"
3Y-070A-F-05.wav,3.0,658.9256407699927,0.5239361494247402,"No Fallback, 90% Confidence"
6Y-007A-M2-01.wav,6.0,515.7925801279957,0.7159659435250321,"No Fallback, 90% Confidence"
2Y-068A-X-01.wav,2.0,551.3839154738803,0.5107941080149713,"No Fallback, 90% Confidence"
10Y-028A-F1-01.wav,10.0,374.43215738084723,0.684276801994048,"No Fallback, 90% Confidence"
2Y-068A-X-03.wav,2.0,555.4490476704515,0.46044290443592356,"No Fallback, 90% Confidence"
6Y-007A-M2-03.wav,6.0,552.6476460317099,0.7399693584807638,"No Fallback, 90% Confidence"
6Y-002A-F4-01.wav,6.0,712.165626231062,0.8366927481614627,"No Fallback, 90% Confidence"
0Y-110A-X1.wav,0.0,1083.314285560025,0.6745663634577735,"No Fallback, 90% Confidence"
2.5Y-021A-M3.wav,2.5,786.7220315952412,0.7877401455330688,"No Fallback, 90% Confidence"
0Y-109A-X1-05.wav,0.0,871.7791335936474,0.5995135290814297,Fallback to Mid Confidence (75%)
16Y-057A-X-3.wav,16.0,415.8173442602031,0.5521509339560525,"No Fallback, 90% Confidence"
3Y-071A-X-04.wav,3.0,512.31584861232,0.7690045696187329,"No Fallback, 90% Confidence"
5Y-000A-F1-02.wav,5.0,620.7645910663806,0.7905983328819275,"No Fallback, 90% Confidence"
8Y-020AB-M7-01.wav,8.0,546.9363469655843,0.7430256897333398,"No Fallback, 90% Confidence"
18Y-117A-F1-06.wav,18.0,208.143890087608,0.37238222098953666,Fallback to Mid Confidence (75%)
0Y-5wks-014B-X1-04.wav,0.0,690.2833319167901,0.2741320420157265,Fallback to Mid Confidence (75%)
0Y-8week-046A-12.wav,0.0,744.4617897893452,0.7402839526534081,"No Fallback, 90% Confidence"
1Y-065A-F-02.wav,1.0,779.0938667631398,0.7194486225418972,"No Fallback, 90% Confidence"
0Y-8week-046A-06.wav,0.0,778.7796837127254,0.6203605450563512,"No Fallback, 90% Confidence"
5Y-000A-F9-HD-06.wav,5.0,1850.006021527531,0.32970143274658104,Fallback to Mid Confidence (75%)
0Y-3month-042A-02.wav,0.0,595.1958536345205,0.9102181647673692,"No Fallback, 90% Confidence"
7Y-026A-F6.wav,7.0,780.5663130116591,0.7982168481857689,"No Fallback, 90% Confidence"
0Y-040A-09.wav,0.0,1181.9700594070705,0.7097087457539544,"No Fallback, 90% Confidence"
10Y-001A-M3-01.wav,10.0,412.4677024074355,0.6174669433871042,"No Fallback, 90% Confidence"
18Y-090A-F.wav,18.0,355.90792754362,0.6996945909029523,"No Fallback, 90% Confidence"
11Y-053A-F-03.wav,11.0,402.78668589827333,0.7487030388343902,"No Fallback, 90% Confidence"
11Y-053A-F-02.wav,11.0,398.0721165491581,0.7169567463975964,"No Fallback, 90% Confidence"
16Y-057A-X.wav,16.0,443.39201745833475,0.6500291941722609,"No Fallback, 90% Confidence"
7Y-038A-F-02.wav,7.0,979.1473763296879,0.7892897700677153,"No Fallback, 90% Confidence"
3Y-105A-M2-AN.wav,3.0,511.0931416698355,0.21495328631763364,Fallback to Low Confidence (50%)
15Y-106A-M2-AT-06.wav,15.0,474.43615194249037,0.7723973388878667,"No Fallback, 90% Confidence"
0Y-040A-08.wav,0.0,1124.3091160724125,0.6050004297704027,"No Fallback, 90% Confidence"
0Y-3month-042A-03.wav,0.0,628.476021823075,0.7646421265151155,"No Fallback, 90% Confidence"
5Y-000A-F9-HD-07.wav,5.0,1270.0200506501005,0.42267841190914623,"No Fallback, 90% Confidence"
0Y-8week-046A-07.wav,0.0,779.9291004171747,0.5650136326981146,"No Fallback, 90% Confidence"
0Y-8week-046A-13.wav,0.0,722.7086365475259,0.6421309035757313,"No Fallback, 90% Confidence"
1Y-065A-F-03.wav,1.0,829.6184374891006,0.80344606805266,"No Fallback, 90% Confidence"
0Y-5wks-014B-X1-05.wav,0.0,1973.9524478348599,0.21481361187084816,Fallback to Mid Confidence (75%)
3Y-018A-M2-01.wav,3.0,612.3039322193947,0.5593901103798379,Fallback to Mid Confidence (75%)
18Y-117A-F1-07.wav,18.0,222.26632481409192,0.6146653608552047,"No Fallback, 90% Confidence"
5Y-000A-F1-03.wav,5.0,631.9601832363563,0.8426171893976173,"No Fallback, 90% Confidence"
3Y-071A-X-05.wav,3.0,467.0117433156231,0.8171892919961143,"No Fallback, 90% Confidence"
16Y-057A-X-2.wav,16.0,355.192147835867,0.4143284577341964,"No Fallback, 90% Confidence"
0Y-109A-X1-04.wav,0.0,784.3016624407068,0.7071781781812508,"No Fallback, 90% Confidence"
2Y-000B-F1-WO-01.wav,2.0,614.4829760211499,0.8107002051892104,"No Fallback, 90% Confidence"
2Y-068A-X-02.wav,2.0,502.85009616814534,0.7863175421953201,"No Fallback, 90% Confidence"
6Y-007A-M2-02.wav,6.0,581.5623201372289,0.7521987693465274,"No Fallback, 90% Confidence"
16Y-057A-X-1-02.wav,16.0,490.4507445163509,0.7089772552373956,"No Fallback, 90% Confidence"
10Y-001A-M1-01.wav,10.0,424.1304426279359,0.6982106882785484,"No Fallback, 90% Confidence"
6Y-034A-X-02.wav,6.0,531.1261256291709,0.7074982106685639,"No Fallback, 90% Confidence"
3Y-070A-F-02.wav,3.0,698.5292724013652,0.5426468749468525,"No Fallback, 90% Confidence"
3Y-072A-X-09.wav,3.0,672.4584185102872,0.3627483127399897,Fallback to Mid Confidence (75%)
2Y-068A-X-06.wav,2.0,488.47475258832804,0.801186637664345,"No Fallback, 90% Confidence"
3Y-071A-X-01.wav,3.0,506.5954269608458,0.8649036836796913,"No Fallback, 90% Confidence"
2Y-000B-F1-WO-05.wav,2.0,642.6482525633726,0.588784513856048,"No Fallback, 90% Confidence"
14Y-113A-F1.wav,14.0,320.90661411303796,0.33907786814407226,Fallback to Mid Confidence (75%)
7.5Y-013B-F4-02.wav,7.5,543.0333599308523,0.5927876031804663,"No Fallback, 90% Confidence"
8Y-020AB-M9-01.wav,8.0,694.0317710579649,0.5665947895716218,"No Fallback, 90% Confidence"
18Y-117A-F1-03.wav,18.0,338.3975897485333,0.39856799017815364,"No Fallback, 90% Confidence"
1Y-062A-X-03.wav,1.0,792.2931118164904,0.6506278896943117,"No Fallback, 90% Confidence"
5Y-000A-F1-07.wav,5.0,887.610829424535,0.5920033444251332,"No Fallback, 90% Confidence"
1Y-065A-F-07.wav,1.0,891.3175767561079,0.6466944975062059,"No Fallback, 90% Confidence"
0Y-8week-046A-17.wav,0.0,814.2930954808871,0.855531502922042,"No Fallback, 90% Confidence"
0Y-8week-046A-03.wav,0.0,1050.2538451478206,0.64036240014765,"No Fallback, 90% Confidence"
5Y-000A-F9-HD-03.wav,5.0,37.866883305920545,0.2950622381257086,Fallback to Mid Confidence (75%)
0Y-3month-042A-07.wav,0.0,616.6001559067466,0.8408976988454836,"No Fallback, 90% Confidence"
0Y-5wks-014B-X1-01.wav,0.0,1867.476789336241,0.19681086256720223,"No Fallback, 90% Confidence"
15Y-106A-M2-AT-02.wav,15.0,1482.755720780673,0.520211643862481,"No Fallback, 90% Confidence"
16Y-051B-M-08.wav,16.0,547.4809470352295,0.5892766237747474,Fallback to Mid Confidence (75%)
5Y-000A-F3-02.wav,5.0,559.9883374382165,0.6630774814296853,"No Fallback, 90% Confidence"
8Y-020AB-M5-01.wav,8.0,595.3171201121,0.5751116706122612,Fallback to Mid Confidence (75%)
6Y-002B-M5-02.wav,6.0,991.240399254139,0.5934023698446927,"No Fallback, 90% Confidence"
8Y-005A-M2-03.wav,8.0,308.71064038509786,0.3909224889322415,"No Fallback, 90% Confidence"
16Y-116A-F1-08.wav,16.0,291.7469049721337,0.5399952204464826,Fallback to Mid Confidence (75%)
6Y-023B-M1-03.wav,6.0,614.6514541189212,0.4965636779864629,Fallback to Low Confidence (50%)
16Y-116A-F1-09.wav,16.0,441.18354729298034,0.3726113964803517,Fallback to Mid Confidence (75%)
6Y-023B-M1-02.wav,6.0,438.67120383643794,0.43949221240149605,Fallback to Mid Confidence (75%)
8Y-005A-M2-02.wav,8.0,289.7607827563558,0.3303916522495027,Fallback to Mid Confidence (75%)
6Y-002B-M5-03.wav,6.0,595.1914244188997,0.4831375554053774,Fallback to Mid Confidence (75%)
6Y-009A-F1-01.wav,6.0,516.571332807121,0.6963478444765011,"No Fallback, 90% Confidence"
16Y-057A-X-1-01 2.wav,16.0,444.3137465710898,0.7327575827271423,"No Fallback, 90% Confidence"
2Y-006A-M2-02.wav,2.0,745.164622871085,0.608522490813182,Fallback to Mid Confidence (75%)
15Y-106A-M2-AT-03.wav,15.0,1228.7121270941852,0.4300823770566947,"No Fallback, 90% Confidence"
16Y-051B-M-09.wav,16.0,505.6591701117173,0.8213294817775977,"No Fallback, 90% Confidence"
0Y-3month-042A-06.wav,0.0,625.7608869003933,0.9082434436967296,"No Fallback, 90% Confidence"
5Y-000A-F9-HD-02.wav,5.0,784.6077581738282,0.4058496253712783,"No Fallback, 90% Confidence"
0Y-8week-046A-02.wav,0.0,912.6018904179468,0.7234136526440752,"No Fallback, 90% Confidence"
1Y-065A-F-06.wav,1.0,911.1302595668886,0.7104820471543533,"No Fallback, 90% Confidence"
0Y-8week-046A-16.wav,0.0,585.1443765996652,0.756335708769885,"No Fallback, 90% Confidence"
5Y-000A-F1-06.wav,5.0,562.5222079593489,0.7474748340058834,"No Fallback, 90% Confidence"
1Y-062A-X-02.wav,1.0,924.1186840775968,0.6936692123143178,"No Fallback, 90% Confidence"
18Y-117A-F1-02.wav,18.0,485.60264316806445,0.14883087003337486,Fallback to All Data
7.5Y-013B-F4-03.wav,7.5,524.618697487655,0.7004112337644284,"No Fallback, 90% Confidence"
0Y-109A-X1-01.wav,0.0,803.7687407809475,0.5612817949338539,Fallback to Mid Confidence (75%)
2Y-000B-F1-WO-04.wav,2.0,529.8751467111437,0.7254489169670986,"No Fallback, 90% Confidence"
11Y-091A-M2.wav,11.0,370.99124254485577,0.8445076922352395,"No Fallback, 90% Confidence"
3Y-072A-X-08.wav,3.0,689.1074975547306,0.34804396373643115,Fallback to Mid Confidence (75%)
2Y-068A-X-07.wav,2.0,523.8205522340778,0.7738261615061978,"No Fallback, 90% Confidence"
3Y-070A-F-03.wav,3.0,770.1928467257279,0.8070376409178085,"No Fallback, 90% Confidence"
6Y-034A-X-03.wav,6.0,577.3743414862311,0.6758379818981185,"No Fallback, 90% Confidence"
7Y-019A-X2-01.wav,7.0,884.7449788632507,0.6866484305688313,"No Fallback, 90% Confidence"
16Y-057A-X-1-01.wav,16.0,508.3647272222596,0.6079255696386099,"No Fallback, 90% Confidence"
6Y-034A-X-01.wav,6.0,521.4810575341932,0.7921435676784401,"No Fallback, 90% Confidence"
7Y-019A-X2-03.wav,7.0,851.9043742720286,0.8137191255887349,"No Fallback, 90% Confidence"
2Y-068A-X-05.wav,2.0,500.7594831075174,0.8418548865751787,"No Fallback, 90% Confidence"
6Y-007A-M2-05.wav,6.0,581.8868774079838,0.6497321524657309,"No Fallback, 90% Confidence"
3Y-070A-F-01.wav,3.0,644.4242440868306,0.3748190122803575,"No Fallback, 90% Confidence"
2.5Y-021A-M5.wav,2.5,501.21065830785216,0.688896743580699,"No Fallback, 90% Confidence"
2Y-000B-F6-01.wav,2.0,621.3666579021043,0.8574536929005071,"No Fallback, 90% Confidence"
3Y-071A-X-02.wav,3.0,513.1821337814756,0.7770622427410939,"No Fallback, 90% Confidence"
14Y-113A-F2.wav,14.0,355.1205024999752,0.6105923696607352,"No Fallback, 90% Confidence"
7.5Y-013B-F4-01.wav,7.5,498.10027230860175,0.6640849718824029,"No Fallback, 90% Confidence"
2Y-000B-F1-WO-06.wav,2.0,672.8242656110752,0.7267865196603244,"No Fallback, 90% Confidence"
0Y-109A-X1-03.wav,0.0,806.3870482179262,0.6443113192915917,Fallback to Mid Confidence (75%)
8Y-020AB-M9-02.wav,8.0,698.6076562879686,0.6360661540837849,"No Fallback, 90% Confidence"
5Y-000A-F1-04.wav,5.0,661.0235142752128,0.7488628194520348,"No Fallback, 90% Confidence"
0Y-3month-042A-04.wav,0.0,668.1209402066619,0.7896677130147031,"No Fallback, 90% Confidence"
0Y-3month-042A-10.wav,0.0,592.8603614725679,0.9025594635921366,"No Fallback, 90% Confidence"
0Y-8week-046A-14.wav,0.0,805.1870484062943,0.6181860620440063,"No Fallback, 90% Confidence"
1Y-065A-F-04.wav,1.0,418.54601930460876,0.5552350519597531,"No Fallback, 90% Confidence"
14Y-051A-F1-08.wav,14.0,580.6111709575249,0.5132628659484908,"No Fallback, 90% Confidence"
0Y-8week-046A-28.wav,0.0,686.7422736020666,0.6262026177002833,"No Fallback, 90% Confidence"
0Y-5wks-014B-X1-02.wav,0.0,1642.3514219161766,0.351263331634982,Fallback to Mid Confidence (75%)
15Y-024A-M1-02.wav,15.0,529.7274438698555,0.3261579737300053,Fallback to Mid Confidence (75%)
15Y-106A-M2-AT-01.wav,15.0,794.15348567264,0.3212984579435566,Fallback to Low Confidence (50%)
8Y-020AB-M5-02.wav,8.0,360.0058321597273,0.4207603862775224,Fallback to Mid Confidence (75%)
5Y-000A-F3-01.wav,5.0,501.3703688066269,0.48802914822765864,Fallback to Mid Confidence (75%)
6Y-002B-M5-01.wav,6.0,564.6016176776646,0.6759789387174582,"No Fallback, 90% Confidence"
6Y-023B-M1-01.wav,6.0,553.6728921261667,0.7651414193567776,"No Fallback, 90% Confidence"
8Y-005A-M2-01.wav,8.0,313.78569528161586,0.4932571206241846,"No Fallback, 90% Confidence"
6Y-009A-F1-02.wav,6.0,549.4777122163708,0.5681070220680573,Fallback to Mid Confidence (75%)
2Y-006A-M2-01.wav,2.0,679.5465555613854,0.5151386833577244,Fallback to Mid Confidence (75%)
8Y-020AB-M5-03.wav,8.0,519.2073104866141,0.6049451221312795,Fallback to Mid Confidence (75%)
0Y-5wks-014B-X1-03.wav,0.0,1847.3319928844508,0.3025740665634946,Fallback to Mid Confidence (75%)
0Y-8week-046A-29.wav,0.0,914.3739401623827,0.7606523365185067,"No Fallback, 90% Confidence"
0Y-8week-046A-15.wav,0.0,632.2878071435266,0.6755228419619871,"No Fallback, 90% Confidence"
1Y-065A-F-05.wav,1.0,875.1628771822806,0.7518187122685569,"No Fallback, 90% Confidence"
0Y-3month-042A-11.wav,0.0,653.7975244268517,0.917116748564171,"No Fallback, 90% Confidence"
0Y-3month-042A-05.wav,0.0,637.0399124067084,0.9292063233899135,"No Fallback, 90% Confidence"
5Y-000A-F9-HD-01.wav,5.0,843.4219606728029,0.3424938577650623,Fallback to Low Confidence (50%)
0Y-8week-046A-01.wav,0.0,1126.0752511757942,0.7891784794330597,"No Fallback, 90% Confidence"
5Y-000A-F1-05.wav,5.0,633.0123612587527,0.6984467489378793,"No Fallback, 90% Confidence"
1Y-062A-X-01.wav,1.0,931.3326013760052,0.8575733309024133,"No Fallback, 90% Confidence"
18Y-117A-F1-01.wav,18.0,298.07803776956604,0.25094759658626886,Fallback to Low Confidence (50%)
0Y-109A-X1-02.wav,0.0,767.2065687710663,0.625310902543571,Fallback to Mid Confidence (75%)
14Y-113A-F3.wav,14.0,351.62559646829374,0.4532965909569494,"No Fallback, 90% Confidence"
3Y-071A-X-03.wav,3.0,504.7803656019091,0.7958654014687789,"No Fallback, 90% Confidence"
2.5Y-021A-M4.wav,2.5,807.4229256990699,0.8084313250505007,"No Fallback, 90% Confidence"
2Y-068A-X-04.wav,2.0,563.0537935693245,0.8037552032849671,"No Fallback, 90% Confidence"
6Y-007A-M2-04.wav,6.0,547.3513480990118,0.4309884444401975,Fallback to Mid Confidence (75%)
7Y-019A-X2-02.wav,7.0,925.8307425157923,0.8006612045897378,"No Fallback, 90% Confidence"
10Y-101A-F1-GH-09.wav,10.0,510.8165186903038,0.652252364031812,"No Fallback, 90% Confidence"
10Y-103A-M1-NC-28.wav,10.0,494.26776506700685,0.7940303573554213,"No Fallback, 90% Confidence"
10Y-103A-M1-NC-14.wav,10.0,458.88759976961745,0.7950770964747981,"No Fallback, 90% Confidence"
17Y-097A-X2-05.wav,17.0,368.10143345387354,0.6947253516829405,"No Fallback, 90% Confidence"
7Y-019A-X1-08.wav,7.0,827.5748628351708,0.7323861295978228,"No Fallback, 90% Confidence"
16Y-094A-M1-03.wav,16.0,275.56246366941025,0.5082977493775303,"No Fallback, 90% Confidence"
0.5Y-022A-F1-08.wav,0.5,963.4050861893796,0.7020751680876758,"No Fallback, 90% Confidence"
6Y-002B-M3-06.wav,6.0,496.8819161996539,0.6725565907163699,"No Fallback, 90% Confidence"
6Y-002B-M3-12.wav,6.0,447.7754649943884,0.6136110474744553,"No Fallback, 90% Confidence"
1Y-010A-M1-03.wav,1.0,386.59995306899214,0.7984210536198084,"No Fallback, 90% Confidence"
7Y-019A-X4-04.wav,7.0,659.4626532872654,0.6895236439175076,"No Fallback, 90% Confidence"
15Y-106A-M1-AW-02.wav,15.0,661.0882540598151,0.4072696996085784,"No Fallback, 90% Confidence"
18Y-059A-M-08.wav,18.0,345.10619374939273,0.6076187902036008,"No Fallback, 90% Confidence"
13Y-055A-F-16.wav,13.0,331.69343000588407,0.839681269509809,"No Fallback, 90% Confidence"
6Y-002B-M1-03.wav,6.0,439.82369482791233,0.8159435274345535,"No Fallback, 90% Confidence"
4Y-074A-M-01.wav,4.0,659.5987765076654,0.5023356524031999,"No Fallback, 90% Confidence"
0Y-047A-15.wav,0.0,658.0485422855684,0.9003976885229349,"No Fallback, 90% Confidence"
0Y-047A-01.wav,0.0,734.3005146749764,0.8526911873505602,"No Fallback, 90% Confidence"
4Y-074A-M-15.wav,4.0,520.8922227758966,0.7283901740845881,"No Fallback, 90% Confidence"
1Y-063A-X-05.wav,1.0,821.3041127211349,0.560608001686232,"No Fallback, 90% Confidence"
17Y-097A-X-07.wav,17.0,408.70743877624926,0.7276959023247026,"No Fallback, 90% Confidence"
3Y-029A-M1-06.wav,3.0,381.05978843066873,0.8886821449480273,"No Fallback, 90% Confidence"
1Y-063A-X-11.wav,1.0,700.1466743510033,0.39742365140940933,"No Fallback, 90% Confidence"
2Y-031A-F2-01.wav,2.0,577.2884936930892,0.47721138425372744,Fallback to Mid Confidence (75%)
1Y-063A-X-10.wav,1.0,744.9312104693993,0.4970267602801323,Fallback to Mid Confidence (75%)
17Y-097A-X-06.wav,17.0,371.9930666620287,0.847995036918866,"No Fallback, 90% Confidence"
1Y-063A-X-04.wav,1.0,1059.1840808403845,0.4653875691120524,"No Fallback, 90% Confidence"
3Y-029A-M1-07.wav,3.0,392.50666427522407,0.8941710356702196,"No Fallback, 90% Confidence"
4Y-074A-M-14.wav,4.0,660.7275569536242,0.7835419837678417,"No Fallback, 90% Confidence"
0Y-047A-14.wav,0.0,672.945659226871,0.8048964049442705,"No Fallback, 90% Confidence"
6Y-002B-M1-02.wav,6.0,513.3295716808367,0.7203819792717695,"No Fallback, 90% Confidence"
18Y-059A-M-09.wav,18.0,351.95536569133026,0.4981858700327575,"No Fallback, 90% Confidence"
15Y-106A-M1-AW-03.wav,15.0,33.51430141864738,0.13816376235336064,Fallback to All Data
1Y-010A-M1-02.wav,1.0,390.53860110002404,0.7607382596723492,"No Fallback, 90% Confidence"
13Y-016A-M1-01.wav,13.0,659.9520095084298,0.338368768668801,"No Fallback, 90% Confidence"
2Y-069A-X-01.wav,2.0,549.2627843661354,0.6355142518877983,"No Fallback, 90% Confidence"
6Y-002A-F2-01.wav,6.0,730.9191968198736,0.4644992958176239,Fallback to Mid Confidence (75%)
1Y-067A-M-01.wav,1.0,817.7213789791055,0.8056482322089658,"No Fallback, 90% Confidence"
6Y-002B-M3-13.wav,6.0,512.026812452339,0.4171058940051427,Fallback to Mid Confidence (75%)
6Y-002B-M3-07.wav,6.0,533.2341744087954,0.6611250776468831,Fallback to Mid Confidence (75%)
0.5Y-022A-F1-09.wav,0.5,883.767111221546,0.8530464913394,"No Fallback, 90% Confidence"
2Y-000B-F2-02.wav,2.0,563.9656852888037,0.7013147758512661,"No Fallback, 90% Confidence"
16Y-094A-M1-02.wav,16.0,257.9923515399746,0.44173183252236675,"No Fallback, 90% Confidence"
7Y-019A-X1-09.wav,7.0,754.9098330229189,0.8126542963858309,"No Fallback, 90% Confidence"
10Y-001A-M5-01.wav,10.0,426.60316704296,0.7083806743782558,"No Fallback, 90% Confidence"
17Y-097A-X2-04.wav,17.0,373.2496696191039,0.7846288631760305,"No Fallback, 90% Confidence"
10Y-103A-M1-NC-15.wav,10.0,364.54691206941305,0.5441513125385556,Fallback to Mid Confidence (75%)
10Y-103A-M1-NC-01.wav,10.0,498.8533929656674,0.635168529043977,"No Fallback, 90% Confidence"
10Y-103A-M1-NC-29.wav,10.0,472.05733684586386,0.7074990054326398,"No Fallback, 90% Confidence"
10Y-101A-F1-GH-08.wav,10.0,478.99840671963665,0.8405650891363621,"No Fallback, 90% Confidence"
0Y-049A.wav,0.0,1034.8734960880706,0.2486014369254311,Fallback to Mid Confidence (75%)
10Y-103A-M1-NC-17.wav,10.0,336.9697683067856,0.7526764571666718,"No Fallback, 90% Confidence"
10Y-103A-M1-NC-03.wav,10.0,1038.1531212772245,0.178537005168754,Fallback to All Data
6Y-002B-M3-11.wav,6.0,533.7780688053656,0.7417444135203506,"No Fallback, 90% Confidence"
6Y-002B-M3-05.wav,6.0,500.93659523412725,0.7642699311278305,"No Fallback, 90% Confidence"
1Y-067A-M-03.wav,1.0,776.3346229154398,0.7950768831830758,"No Fallback, 90% Confidence"
13Y-016A-M1-03.wav,13.0,523.504754022844,0.3007618286406043,Fallback to Mid Confidence (75%)
15Y-106A-M1-AW-01.wav,15.0,858.9230687357403,0.7389684132706951,"No Fallback, 90% Confidence"
13Y-055A-F-15.wav,13.0,345.9206383786933,0.8157489287356535,"No Fallback, 90% Confidence"
1Y-075A-M-04.wav,1.0,653.3037520595122,0.7798913905154103,"No Fallback, 90% Confidence"
0Y-047A-02.wav,0.0,740.6511291814895,0.87847118555885,"No Fallback, 90% Confidence"
4Y-074A-M-16.wav,4.0,404.0763850972176,0.6612709010831821,"No Fallback, 90% Confidence"
4Y-074A-M-02.wav,4.0,699.1743406405852,0.7255383576582937,"No Fallback, 90% Confidence"
0Y-047A-16.wav,0.0,656.6274846701293,0.7839308274888445,"No Fallback, 90% Confidence"
17Y-097A-X-10.wav,17.0,393.003787184283,0.7102195960469544,"No Fallback, 90% Confidence"
2Y-031A-F2-03.wav,2.0,540.754058247617,0.6737425178289413,Fallback to Mid Confidence (75%)
3Y-029A-M1-05.wav,3.0,344.3367231467307,0.8646771242985358,"No Fallback, 90% Confidence"
3Y-092A-M1.wav,3.0,623.1627812518025,0.7792913287269826,"No Fallback, 90% Confidence"
1Y-063A-X-06.wav,1.0,728.434465377181,0.39124917508248824,Fallback to Mid Confidence (75%)
17Y-097A-X-04.wav,17.0,362.2282722366883,0.7982517029617874,"No Fallback, 90% Confidence"
11Y-015A-M3-01.wav,11.0,568.2932039152355,0.7026410106607158,"No Fallback, 90% Confidence"
3Y-029A-M1-04.wav,3.0,413.93966037296934,0.887464028985604,"No Fallback, 90% Confidence"
17Y-097A-X-05.wav,17.0,342.47301964200255,0.9074679640206423,"No Fallback, 90% Confidence"
1Y-063A-X-07.wav,1.0,738.7221446352054,0.3924482803515814,Fallback to Mid Confidence (75%)
2Y-031A-F2-02.wav,2.0,764.9752790293359,0.753373764615546,"No Fallback, 90% Confidence"
5Y-000A-F7-01.wav,5.0,658.6521819657294,0.5872303839449001,"No Fallback, 90% Confidence"
0Y-047A-17.wav,0.0,657.3435162671024,0.9188164647283226,"No Fallback, 90% Confidence"
4Y-074A-M-03.wav,4.0,515.8744252596783,0.8346359996960081,"No Fallback, 90% Confidence"
0Y-047A-03.wav,0.0,705.9063370428586,0.8625382034523973,"No Fallback, 90% Confidence"
1Y-075A-M-05.wav,1.0,637.9309411145163,0.6888328279964016,"No Fallback, 90% Confidence"
6Y-002B-M1-01.wav,6.0,531.7239915533836,0.7917687337804626,"No Fallback, 90% Confidence"
2Y-069A-X-02.wav,2.0,489.4259799136606,0.5847215217848619,"No Fallback, 90% Confidence"
13Y-016A-M1-02.wav,13.0,653.9545975998743,0.590731163534361,"No Fallback, 90% Confidence"
1Y-010A-M1-01.wav,1.0,408.65050699776384,0.7850114206093868,"No Fallback, 90% Confidence"
6Y-002A-F2-02.wav,6.0,848.6034720183594,0.5979805178940296,Fallback to Mid Confidence (75%)
1Y-067A-M-02.wav,1.0,757.7579430867042,0.788487399675396,"No Fallback, 90% Confidence"
6Y-002B-M3-04.wav,6.0,515.8464906430098,0.6230710360114692,Fallback to Mid Confidence (75%)
6Y-002B-M3-10.wav,6.0,468.02984833828253,0.6973497216580528,"No Fallback, 90% Confidence"
0Y-8week-045A-04.wav,0.0,839.3479556191677,0.8576873103263735,"No Fallback, 90% Confidence"
2Y-000B-F2-01.wav,2.0,534.7207176536666,0.7697073545058568,"No Fallback, 90% Confidence"
16Y-094A-M1-01.wav,16.0,257.79843010799374,0.34208758218531926,Fallback to Mid Confidence (75%)
15Y-106A-M3-NC-04.wav,15.0,521.9199174157709,0.7178174678098272,"No Fallback, 90% Confidence"
10Y-103A-M1-NC-02.wav,10.0,544.3629583787354,0.716586440256456,"No Fallback, 90% Confidence"
10Y-103A-M1-NC-16.wav,10.0,470.9560055484269,0.8064556507503285,"No Fallback, 90% Confidence"
10Y-103A-M1-NC-12.wav,10.0,477.3106610613162,0.8552311259381314,"No Fallback, 90% Confidence"
10Y-103A-M1-NC-06.wav,10.0,458.8240802584844,0.7243141298847539,"No Fallback, 90% Confidence"
16Y-094A-M1-05.wav,16.0,256.7502710957299,0.6484674025149573,"No Fallback, 90% Confidence"
16Y-057A-X-1-02 2.wav,16.0,454.7426861748445,0.7495799790573956,"No Fallback, 90% Confidence"
17Y-097A-X2-03.wav,17.0,376.1847202160335,0.8886673291524251,"No Fallback, 90% Confidence"
6Y-002B-M3-14.wav,6.0,517.927521073896,0.7098069203396639,"No Fallback, 90% Confidence"
7Y-019A-X4-02.wav,7.0,741.4952149646982,0.8308778398980697,"No Fallback, 90% Confidence"
10Y-025A-F2-09.wav,10.0,458.3318595105577,0.551633895274151,"No Fallback, 90% Confidence"
1Y-067A-M-06.wav,1.0,816.1797876326373,0.8072300276790674,"No Fallback, 90% Confidence"
6Y-035A-X-02.wav,6.0,493.9555684872711,0.5940761051100233,"No Fallback, 90% Confidence"
8Y-102A-M1-SV-01.wav,8.0,459.48335571716115,0.6398198617001375,"No Fallback, 90% Confidence"
6Y-002B-M1-05.wav,6.0,568.1138063696025,0.5589479697557788,Fallback to Mid Confidence (75%)
0Y-047A-07.wav,0.0,683.889720891224,0.8722193327294775,"No Fallback, 90% Confidence"
4Y-074A-M-13.wav,4.0,615.0919626148935,0.7126539113814943,"No Fallback, 90% Confidence"
4Y-074A-M-07.wav,4.0,641.1275106948422,0.9153878981784239,"No Fallback, 90% Confidence"
0Y-047A-13.wav,0.0,687.2838337959424,0.8390639361739158,"No Fallback, 90% Confidence"
1Y-075A-M-01.wav,1.0,660.3643397550311,0.6922885303944349,"No Fallback, 90% Confidence"
16Y-058A-X-02.wav,16.0,470.3986555600895,0.7203741166740656,"No Fallback, 90% Confidence"
1Y-063A-X-03.wav,1.0,700.8653381775886,0.37732003747175136,"No Fallback, 90% Confidence"
17Y-097A-X-01.wav,17.0,396.7466949377014,0.6746994271355716,"No Fallback, 90% Confidence"
1Y-063A-X-02.wav,1.0,818.9389044517752,0.6057452674955129,"No Fallback, 90% Confidence"
3Y-029A-M1-01.wav,3.0,422.2995610222201,0.856953175663948,"No Fallback, 90% Confidence"
16Y-058A-X-03.wav,16.0,456.9056468063985,0.709552644297134,"No Fallback, 90% Confidence"
0Y-047A-12.wav,0.0,694.1212902120801,0.8493127352798108,"No Fallback, 90% Confidence"
4Y-074A-M-06.wav,4.0,600.2767224525265,0.8493906724583972,"No Fallback, 90% Confidence"
4Y-074A-M-12.wav,4.0,644.4922865640915,0.5944023895228142,"No Fallback, 90% Confidence"
0Y-047A-06.wav,0.0,679.1451319284029,0.8323561559940121,"No Fallback, 90% Confidence"
13Y-055A-F-11.wav,13.0,303.71055285043184,0.842560586243592,"No Fallback, 90% Confidence"
6Y-002B-M1-04.wav,6.0,589.6973000249892,0.722197718836449,"No Fallback, 90% Confidence"
13Y-055A-F-05.wav,13.0,347.69193427009407,0.6319390932445997,"No Fallback, 90% Confidence"
1Y-067A-M-07.wav,1.0,758.9513202096649,0.7721978445436545,"No Fallback, 90% Confidence"
10Y-025A-F2-08.wav,10.0,483.90265990061096,0.3285421158733039,Fallback to Mid Confidence (75%)
7Y-019A-X4-03.wav,7.0,702.17397926862,0.6997713303124463,Fallback to Mid Confidence (75%)
6Y-002B-M3-01.wav,6.0,463.40153017517423,0.5254904991516502,"No Fallback, 90% Confidence"
0Y-8week-045A-01.wav,0.0,843.7368989377964,0.7201656173880494,"No Fallback, 90% Confidence"
6Y-002B-M3-15.wav,6.0,557.5551928026275,0.7913106399949412,"No Fallback, 90% Confidence"
12Y-054A-X-02.wav,12.0,382.3877183819672,0.6294699946449975,"No Fallback, 90% Confidence"
15Y-106A-M3-NC-01.wav,15.0,329.99583441240304,0.6780088825480026,"No Fallback, 90% Confidence"
17Y-097A-X2-02.wav,17.0,381.84926654321475,0.6614522675567485,"No Fallback, 90% Confidence"
4Y-032A-X-01.wav,4.0,648.5288957566003,0.8792488561279472,"No Fallback, 90% Confidence"
16Y-094A-M1-04.wav,16.0,270.43185637688975,0.4072782452855455,"No Fallback, 90% Confidence"
8Y-020AB-M3-02.wav,8.0,430.8366621889535,0.4869968005749461,Fallback to Mid Confidence (75%)
5Y-000A-F5-01.wav,5.0,905.4292718992476,0.6103604788443556,"No Fallback, 90% Confidence"
3Y-105A-M4-CA.wav,3.0,723.259189918752,0.6458898529830114,"No Fallback, 90% Confidence"
10Y-103A-M1-NC-07.wav,10.0,449.1622031497722,0.5847839316353202,"No Fallback, 90% Confidence"
10Y-103A-M1-NC-13.wav,10.0,487.67491587099124,0.8561340052830545,"No Fallback, 90% Confidence"
11Y-015A-M1-01.wav,11.0,571.9920749489025,0.49841147690802534,"No Fallback, 90% Confidence"
0Y-048A.wav,0.0,846.1429340941123,0.5414270120613938,"No Fallback, 90% Confidence"
10Y-103A-M1-NC-05.wav,10.0,510.5104954698854,0.7096099899638266,"No Fallback, 90% Confidence"
10Y-103A-M1-NC-11.wav,10.0,385.3533571599448,0.6127910675673649,"No Fallback, 90% Confidence"
7.5Y-013B-F3.wav,7.5,487.6135002526224,0.743969492975678,"No Fallback, 90% Confidence"
10Y-028A-F2-09.wav,10.0,350.07659472414014,0.5250887450087687,Fallback to Mid Confidence (75%)
15Y-106A-M3-NC-03.wav,15.0,332.30349052131544,0.7378749525306201,"No Fallback, 90% Confidence"
3Y-105A-M3-WO.wav,3.0,785.5250356307282,0.636548387217466,"No Fallback, 90% Confidence"
6Y-002B-M3-03.wav,6.0,499.97736891201004,0.8406911125549903,"No Fallback, 90% Confidence"
0Y-8week-045A-03.wav,0.0,825.4243341684975,0.6802087709595396,"No Fallback, 90% Confidence"
7Y-097B-X1-NC-09.wav,7.0,529.175854683995,0.7087236405350268,"No Fallback, 90% Confidence"
11Y-015A-M7.wav,11.0,499.6266286200518,0.4239019868080504,Fallback to Mid Confidence (75%)
7Y-019A-X4-01.wav,7.0,775.1805140266732,0.8493120394371174,"No Fallback, 90% Confidence"
1Y-067A-M-05.wav,1.0,817.8556092189206,0.7969776420174418,"No Fallback, 90% Confidence"
6Y-035A-X-01.wav,6.0,484.86329656441256,0.726771434575741,"No Fallback, 90% Confidence"
8Y-102A-M1-SV-02.wav,8.0,465.79954407065196,0.7546391445856828,"No Fallback, 90% Confidence"
1Y-067A-M-11.wav,1.0,817.1363548916943,0.7648732878076725,"No Fallback, 90% Confidence"
13Y-055A-F-07.wav,13.0,315.83287593914434,0.7321508074977569,"No Fallback, 90% Confidence"
0Y-111A-X1-08.wav,0.0,1452.9241257590015,0.6690717407122806,"No Fallback, 90% Confidence"
4Y-074A-M-04.wav,4.0,663.2757561052528,0.8160428088485149,"No Fallback, 90% Confidence"
0Y-047A-10.wav,0.0,686.636031791789,0.8846031485065338,"No Fallback, 90% Confidence"
8Y-020AB-M10-01.wav,8.0,565.660132739218,0.8231344819068909,"No Fallback, 90% Confidence"
0Y-047A-04.wav,0.0,693.715450738973,0.8244686175997441,"No Fallback, 90% Confidence"
4Y-074A-M-10.wav,4.0,656.8195679386912,0.8363426461122757,"No Fallback, 90% Confidence"
1Y-075A-M-02.wav,1.0,659.6247401507292,0.6959045859132434,"No Fallback, 90% Confidence"
16Y-058A-X-01.wav,16.0,459.9948643646263,0.7427758676748649,"No Fallback, 90% Confidence"
3Y-029A-M1-03.wav,3.0,418.03950697767664,0.8978000617289281,"No Fallback, 90% Confidence"
17Y-097A-X-02.wav,17.0,417.32452403182396,0.695527075199274,"No Fallback, 90% Confidence"
2Y-031A-F2-04.wav,2.0,580.444842542648,0.6890828040242195,"No Fallback, 90% Confidence"
3Y-029A-M1-02.wav,3.0,420.3234170480111,0.9013755877017975,"No Fallback, 90% Confidence"
17Y-097A-X-03.wav,17.0,367.9283852865822,0.7926289764674086,"No Fallback, 90% Confidence"
1Y-063A-X-01.wav,1.0,845.3999661203618,0.6051545648882954,"No Fallback, 90% Confidence"
1Y-075A-M-03.wav,1.0,634.1383671076705,0.7135597007787403,"No Fallback, 90% Confidence"
4Y-074A-M-11.wav,4.0,534.136151741481,0.6984795887161184,"No Fallback, 90% Confidence"
0Y-047A-05.wav,0.0,708.0163882259927,0.8535354016721248,"No Fallback, 90% Confidence"
0Y-047A-11.wav,0.0,684.1439037501028,0.8482102083349691,"No Fallback, 90% Confidence"
4Y-074A-M-05.wav,4.0,647.5443329579476,0.8690953220994699,"No Fallback, 90% Confidence"
0Y-111A-X1-09.wav,0.0,1539.0750026130481,0.8338453856910147,"No Fallback, 90% Confidence"
13Y-055A-F-06.wav,13.0,325.50756849460214,0.7709023641488914,"No Fallback, 90% Confidence"
1Y-067A-M-10.wav,1.0,852.6873896670033,0.6964691267255694,"No Fallback, 90% Confidence"
1Y-067A-M-04.wav,1.0,804.495533867391,0.7345176437140807,"No Fallback, 90% Confidence"
13Y-016A-M1-04.wav,13.0,588.3055651629015,0.20843860560229846,Fallback to Mid Confidence (75%)
2.5Y-003A-M2-01.wav,2.5,854.5070297483136,0.8381183513520677,"No Fallback, 90% Confidence"
7Y-097B-X1-NC-08.wav,7.0,571.5064715333327,0.5716082338948507,Fallback to Mid Confidence (75%)
0Y-8week-045A-02.wav,0.0,912.9104608350007,0.7381827816028487,"No Fallback, 90% Confidence"
12Y-054A-X-01.wav,12.0,464.5707204312295,0.475690353495468,Fallback to Mid Confidence (75%)
6Y-002B-M3-02.wav,6.0,549.6158300757934,0.7064765244354739,"No Fallback, 90% Confidence"
7Y-019A-X5.wav,7.0,718.135120701837,0.7647604254575876,"No Fallback, 90% Confidence"
7.5Y-013B-F2.wav,7.5,584.0216081518232,0.747032154718755,"No Fallback, 90% Confidence"
17Y-097A-X2-01.wav,17.0,364.6900139388164,0.7815976011753082,"No Fallback, 90% Confidence"
15Y-106A-M3-NC-02.wav,15.0,318.1238619411622,0.7513664905386774,"No Fallback, 90% Confidence"
10Y-028A-F2-08.wav,10.0,410.3983895069522,0.7846983986951056,"No Fallback, 90% Confidence"
4Y-032A-X-02.wav,4.0,633.1471878697716,0.8144010681193322,"No Fallback, 90% Confidence"
5Y-000A-F5-02.wav,5.0,774.3089035036433,0.7093964291943444,"No Fallback, 90% Confidence"
8Y-020AB-M3-01.wav,8.0,514.2621979778942,0.6275577207512044,"No Fallback, 90% Confidence"
10Y-103A-M1-NC-10.wav,10.0,493.30308293074677,0.8975971279775395,"No Fallback, 90% Confidence"
10Y-103A-M1-NC-04.wav,10.0,556.3600876321,0.7727583007830562,"No Fallback, 90% Confidence"
4Y-023A-M2-02.wav,4.0,650.4839377673538,0.8635526013871034,"No Fallback, 90% Confidence"
10Y-103A-M1-NC-09.wav,10.0,525.1725826210453,0.6236081847300132,"No Fallback, 90% Confidence"
10Y-103A-M1-NC-21.wav,10.0,452.3738936050283,0.8753752470016479,"No Fallback, 90% Confidence"
7Y-019A-X1-01.wav,7.0,566.7194916666724,0.362897098233754,Fallback to Mid Confidence (75%)
4Y-027A-M1-06.wav,4.0,383.3501211271509,0.5786553478666714,Fallback to Mid Confidence (75%)
16Y-057A-X-2-03.wav,16.0,420.4310057578655,0.7774416220896511,"No Fallback, 90% Confidence"
10Y-028A-F2-05.wav,10.0,436.7511733310331,0.7940593768920129,"No Fallback, 90% Confidence"
2Y-000B-F5-03.wav,2.0,506.57653118007994,0.7248548633522458,"No Fallback, 90% Confidence"
0.5Y-022A-F1-01.wav,0.5,1277.7850106521432,0.7691016994092775,"No Fallback, 90% Confidence"
7Y-097B-X1-NC-11.wav,7.0,586.5583387472087,0.7068610960831407,"No Fallback, 90% Confidence"
7Y-097B-X1-NC-05.wav,7.0,562.5494819574667,0.6862086126061736,"No Fallback, 90% Confidence"
6Y-009A-F2-01.wav,6.0,453.3193301025187,0.8484196407052705,"No Fallback, 90% Confidence"
1Y-067A-M-09.wav,1.0,782.2894539501525,0.7482733279466629,"No Fallback, 90% Confidence"
10Y-025A-F2-12.wav,10.0,494.7945308598817,0.4541391688088576,Fallback to Mid Confidence (75%)
8Y-005A-M1-02.wav,8.0,322.6038467188204,0.5923029028165799,"No Fallback, 90% Confidence"
0Y-111A-X1-04.wav,0.0,1397.1100964149314,0.8142604839001129,"No Fallback, 90% Confidence"
18Y-059A-M-01.wav,18.0,319.7858257544666,0.5141989890409192,"No Fallback, 90% Confidence"
0Y-111A-X1-10.wav,0.0,1381.2098749629752,0.6159789295460301,"No Fallback, 90% Confidence"
0Y-047A-08.wav,0.0,685.3046486760476,0.84204906167148,"No Fallback, 90% Confidence"
6Y-036A-X-05.wav,6.0,587.4261905853389,0.5291665095997893,"No Fallback, 90% Confidence"
4Y-074A-M-08.wav,4.0,648.1877920167559,0.8126880109310151,"No Fallback, 90% Confidence"
0Y-047A-20.wav,0.0,635.1675908431614,0.7961100465067292,"No Fallback, 90% Confidence"
8Y-020AB-M6-01.wav,8.0,523.1114650305667,0.7688912173520915,"No Fallback, 90% Confidence"
0Y-047A-21.wav,0.0,656.3933378886117,0.9130295899781313,"No Fallback, 90% Confidence"
0Y-5wks-014B-X2-01.wav,0.0,1752.5310891559116,0.7685716483328078,Fallback to Mid Confidence (75%)
4Y-074A-M-09.wav,4.0,661.104784918377,0.7563745832001721,"No Fallback, 90% Confidence"
6Y-036A-X-04.wav,6.0,579.543667627727,0.641810811750713,"No Fallback, 90% Confidence"
0Y-047A-09.wav,0.0,718.0777489780653,0.801860930043317,"No Fallback, 90% Confidence"
9Y-052A-F-01.wav,9.0,430.65619889162593,0.6871612845502031,"No Fallback, 90% Confidence"
13Y-055A-F-22.wav,13.0,347.94925044896263,0.7460303344281323,"No Fallback, 90% Confidence"
0Y-111A-X1-11.wav,0.0,1489.4324120882,0.4426636412806277,"No Fallback, 90% Confidence"
0Y-111A-X1-05.wav,0.0,1409.6932142347353,0.7607471163862863,"No Fallback, 90% Confidence"
8Y-005A-M1-03.wav,8.0,313.28938675500024,0.6037885495385186,"No Fallback, 90% Confidence"
1Y-067A-M-08.wav,1.0,782.5837535482224,0.78173882577498,"No Fallback, 90% Confidence"
10Y-025A-F2-07.wav,10.0,451.5730676391822,0.4516343928128481,Fallback to Mid Confidence (75%)
0Y-6wks-044A-01-2.wav,0.0,1211.4704933621158,0.7053147435761415,"No Fallback, 90% Confidence"
7Y-097B-X1-NC-04.wav,7.0,584.749011112293,0.6415452027647961,"No Fallback, 90% Confidence"
2Y-000B-F5-02.wav,2.0,559.3343131371978,0.746302859282788,"No Fallback, 90% Confidence"
7Y-097B-X1-NC-10.wav,7.0,538.4072131001634,0.6427604748401791,"No Fallback, 90% Confidence"
10Y-028A-F2-04.wav,10.0,390.54906234101145,0.5810677274327043,"No Fallback, 90% Confidence"
0Y-043A-01.wav,0.0,1404.094177877303,0.5184475364671512,Fallback to Mid Confidence (75%)
4Y-027A-M1-07.wav,4.0,531.91956338183,0.7265568922140768,Fallback to Mid Confidence (75%)
16Y-057A-X-2-02.wav,16.0,287.62316428283214,0.5763906098959982,"No Fallback, 90% Confidence"
10Y-001A-M2-01.wav,10.0,396.1466916552588,0.7733162467906235,"No Fallback, 90% Confidence"
10Y-103A-M1-NC-34.wav,10.0,544.6864845906495,0.7318054845799571,"No Fallback, 90% Confidence"
10Y-101A-F1-GH-01.wav,10.0,454.9701753711322,0.36467471235347065,"No Fallback, 90% Confidence"
10Y-103A-M1-NC-20.wav,10.0,416.77790677789557,0.8073559203800166,"No Fallback, 90% Confidence"
10Y-103A-M1-NC-08.wav,10.0,452.04802905941233,0.7544916766030448,"No Fallback, 90% Confidence"
4Y-023A-M2-03.wav,4.0,609.7736300727333,0.8224465180978631,"No Fallback, 90% Confidence"
2.5Y-021A-M6-02.wav,2.5,662.985073532648,0.6103179117076492,"No Fallback, 90% Confidence"
4Y-023A-M2-01.wav,4.0,630.9538046903743,0.901924854516983,"No Fallback, 90% Confidence"
10Y-101A-F1-GH-03.wav,10.0,513.6848427570831,0.6817876648633404,"No Fallback, 90% Confidence"
10Y-103A-M1-NC-22.wav,10.0,517.8799469063292,0.7306741128365198,"No Fallback, 90% Confidence"
4Y-027A-M1-05.wav,4.0,513.8535268943824,0.7802933588624,"No Fallback, 90% Confidence"
14Y-051A-F1-04-2.wav,14.0,568.386887865928,0.5511338176826636,"No Fallback, 90% Confidence"
7Y-019A-X1-02.wav,7.0,807.2870158217708,0.6084693287172027,"No Fallback, 90% Confidence"
10Y-028A-F2-06.wav,10.0,406.1729324469076,0.743132894979669,"No Fallback, 90% Confidence"
6Y-002B-M4-05.wav,6.0,557.7828025287713,0.833428087644279,"No Fallback, 90% Confidence"
7Y-097B-X1-NC-06.wav,7.0,541.4076497110474,0.5045583444061102,Fallback to Mid Confidence (75%)
0.5Y-022A-F1-02.wav,0.5,994.1541530064302,0.863270631746242,"No Fallback, 90% Confidence"
7Y-097B-X1-NC-12.wav,7.0,585.7641182978804,0.7996000084739465,"No Fallback, 90% Confidence"
2Y-006A-M1-01.wav,2.0,530.8942244832754,0.8091922402381897,"No Fallback, 90% Confidence"
10Y-025A-F2-11.wav,10.0,469.6947998357568,0.4010333220327371,"No Fallback, 90% Confidence"
5Y-096A-X.wav,5.0,902.9452533232894,0.7014162816728154,"No Fallback, 90% Confidence"
6Y-009A-F2-02.wav,6.0,420.0431018365421,0.6425458305760434,"No Fallback, 90% Confidence"
1Y-064A-X.wav,1.0,733.6793066142706,0.7611057966856695,"No Fallback, 90% Confidence"
0Y-8week-046A-44.wav,0.0,732.8384887158285,0.6210616444205416,"No Fallback, 90% Confidence"
10Y-025A-F2-05.wav,10.0,447.64080447895265,0.3484514509436003,Fallback to Mid Confidence (75%)
8Y-005A-M1-01.wav,8.0,661.6570521511328,0.5720178887925365,"No Fallback, 90% Confidence"
13Y-055A-F-08.wav,13.0,350.3759462073418,0.6654469665529122,"No Fallback, 90% Confidence"
13Y-055A-F-20.wav,13.0,346.04203847063656,0.6798217655589375,"No Fallback, 90% Confidence"
0Y-111A-X1-07.wav,0.0,1325.9341881765292,0.7307092171907424,"No Fallback, 90% Confidence"
18Y-059A-M-02.wav,18.0,351.7793770711503,0.34412439653117743,Fallback to Mid Confidence (75%)
6Y-036A-X-06.wav,6.0,577.3314713443942,0.5720556441975652,"No Fallback, 90% Confidence"
0Y-6wks-044A-03-2.wav,0.0,1180.944344310009,0.5244142255800612,"No Fallback, 90% Confidence"
16Y-108A-F1-04.wav,16.0,470.2726925760316,0.5508945749717808,"No Fallback, 90% Confidence"
0Y-5wks-014B-X2-03.wav,0.0,1237.6499300707642,0.035249242838472125,Fallback to All Data
16Y-057A-X-hungry.wav,16.0,460.040735960062,0.4890815002785981,"No Fallback, 90% Confidence"
8Y-020AB-M6-03.wav,8.0,509.6979269742235,0.4562784791199697,"No Fallback, 90% Confidence"
16Y-057A-X-2-01 2.wav,16.0,434.40414261740636,0.6857929170201315,"No Fallback, 90% Confidence"
8Y-020AB-M6-02.wav,8.0,521.1092632141488,0.6561156607232987,"No Fallback, 90% Confidence"
11Y-015A-M4-01.wav,11.0,598.5444734802674,0.788679325551379,"No Fallback, 90% Confidence"
0Y-5wks-014B-X2-02.wav,0.0,1257.6445499729907,0.0032611264364926945,Fallback to All Data
16Y-108A-F1-05.wav,16.0,459.89768148519676,0.530979957256247,"No Fallback, 90% Confidence"
0Y-047A-22.wav,0.0,604.2960920222935,0.43542359580835666,Fallback to Mid Confidence (75%)
9Y-052A-F-02.wav,9.0,412.43066192652975,0.5851340476972188,"No Fallback, 90% Confidence"
6Y-036A-X-07.wav,6.0,576.9799433714165,0.7212798030752885,"No Fallback, 90% Confidence"
18Y-059A-M-03.wav,18.0,399.02774204665644,0.5965562134903545,"No Fallback, 90% Confidence"
0Y-111A-X1-06.wav,0.0,1374.3947089538783,0.7479700421633786,"No Fallback, 90% Confidence"
0Y-111A-X1-12.wav,0.0,1352.630353176483,0.7058291384729288,"No Fallback, 90% Confidence"
13Y-055A-F-21.wav,13.0,351.79052889496955,0.849194972204561,"No Fallback, 90% Confidence"
13Y-055A-F-09.wav,13.0,345.0423117256258,0.790734408698468,"No Fallback, 90% Confidence"
10Y-025A-F2-04.wav,10.0,500.12718237424997,0.6272231189605708,"No Fallback, 90% Confidence"
0Y-8week-046A-45.wav,0.0,795.7691861390401,0.8016606910726052,"No Fallback, 90% Confidence"
10Y-025A-F2-10.wav,10.0,479.6713107683435,0.42193334598256194,"No Fallback, 90% Confidence"
7Y-097B-X1-NC-13.wav,7.0,616.435135587551,0.6068546317929272,"No Fallback, 90% Confidence"
0.5Y-022A-F1-03.wav,0.5,1116.955674484949,0.8322334546934474,"No Fallback, 90% Confidence"
2Y-000B-F5-01.wav,2.0,554.0495758375249,0.4512056019157171,Fallback to Mid Confidence (75%)
7Y-097B-X1-NC-07.wav,7.0,563.0528353819894,0.6097947806119919,Fallback to Mid Confidence (75%)
6Y-002B-M4-04.wav,6.0,560.3159894175626,0.7636115882473374,"No Fallback, 90% Confidence"
10Y-028A-F2-07.wav,10.0,422.5348393748549,0.7466934980316595,"No Fallback, 90% Confidence"
7Y-019A-X1-03.wav,7.0,784.2545277683929,0.3153952439980848,Fallback to Mid Confidence (75%)
16Y-057A-X-2-01.wav,16.0,469.9256394062518,0.5679622663961102,"No Fallback, 90% Confidence"
4Y-027A-M1-04.wav,4.0,389.1155412946571,0.6728677277763685,"No Fallback, 90% Confidence"
10Y-103A-M1-NC-23.wav,10.0,436.0656980554551,0.7401408551902068,"No Fallback, 90% Confidence"
10Y-101A-F1-GH-02.wav,10.0,509.8116358145758,0.5758921387068068,"No Fallback, 90% Confidence"
2.5Y-021A-M6-01.wav,2.5,664.4408475237138,0.6891828685538056,"No Fallback, 90% Confidence"
10Y-060A-F1-03.wav,10.0,689.2117747999582,0.8124888716517268,"No Fallback, 90% Confidence"
10Y-103A-M1-NC-33.wav,10.0,486.01014918585133,0.676154956035316,"No Fallback, 90% Confidence"
10Y-101A-F1-GH-06.wav,10.0,505.7750664020607,0.7891175277081544,"No Fallback, 90% Confidence"
10Y-101A-F1-GH-12.wav,10.0,443.43961707670405,0.5310424183096204,"No Fallback, 90% Confidence"
10Y-103A-M1-NC-27.wav,10.0,486.0761192631745,0.7724059768517813,"No Fallback, 90% Confidence"
2Y-012A-M1-03.wav,2.0,689.7180920910334,0.7349686551462399,"No Fallback, 90% Confidence"
4Y-023A-M2-04.wav,4.0,582.1268243730327,0.7522027128863902,"No Fallback, 90% Confidence"
6Y-007A-M1-01.wav,6.0,615.090694734359,0.7923055271453717,"No Fallback, 90% Confidence"
3Y-088A-M1-01.wav,3.0,986.625714660378,0.689916224169888,"No Fallback, 90% Confidence"
10Y-028A-F2-03.wav,10.0,438.31325363994137,0.8540913666288058,"No Fallback, 90% Confidence"
16Y-057A-X-2-05.wav,16.0,421.5753516643662,0.8185968348885527,"No Fallback, 90% Confidence"
7Y-019A-X1-07.wav,7.0,812.8589881470955,0.6735788866363722,"No Fallback, 90% Confidence"
7Y-097B-X1-NC-03.wav,7.0,571.9871951874867,0.6020429733907804,"No Fallback, 90% Confidence"
6Y-002B-M3-09.wav,6.0,542.4467689357961,0.6199523814643423,"No Fallback, 90% Confidence"
10Y-025A-F2-14.wav,10.0,433.46438241625873,0.549420395978924,"No Fallback, 90% Confidence"
0Y-8week-046A-41.wav,0.0,716.7222756395299,0.48416901354033215,Fallback to Mid Confidence (75%)
0Y-111A-X1-02.wav,0.0,1371.213258681722,0.8779656020077792,"No Fallback, 90% Confidence"
18Y-059A-M-07.wav,18.0,362.86242014983304,0.6275524959813074,"No Fallback, 90% Confidence"
13Y-055A-F-19.wav,13.0,349.05011370820097,0.7488442641042639,"No Fallback, 90% Confidence"
8Y-005A-M1-04.wav,8.0,327.09336840960384,0.5592345660004545,"No Fallback, 90% Confidence"
16Y-108A-F1-01.wav,16.0,467.15472713506335,0.3202291721016423,"No Fallback, 90% Confidence"
6Y-036A-X-03.wav,6.0,587.4091480765597,0.4985153813931075,"No Fallback, 90% Confidence"
3Y-029A-M1-09.wav,3.0,424.8959841185667,0.8069610266309035,"No Fallback, 90% Confidence"
17Y-097A-X-08.wav,17.0,407.12645026299236,0.653606667521072,"No Fallback, 90% Confidence"
8Y-020AB-M8-02.wav,8.0,582.9504417877386,0.5968631939246104,"No Fallback, 90% Confidence"
16Y-061A-M-02.wav,16.0,601.8490456119462,0.6832752248102968,"No Fallback, 90% Confidence"
3Y-029A-M1-08.wav,3.0,393.06141926653515,0.9019538263479868,"No Fallback, 90% Confidence"
17Y-097A-X-09.wav,17.0,356.02773086473564,0.8050668523129489,"No Fallback, 90% Confidence"
2Y-087A_M1-02.wav,2.0,635.430514679637,0.7555654544768662,"No Fallback, 90% Confidence"
6Y-036A-X-02.wav,6.0,559.6283536804343,0.5345370255146674,"No Fallback, 90% Confidence"
8Y-005A-M1-05.wav,8.0,560.9597200489188,0.6417175397944095,"No Fallback, 90% Confidence"
18Y-059A-M-06.wav,18.0,361.80947034618157,0.5727647705934942,"No Fallback, 90% Confidence"
0Y-111A-X1-03.wav,0.0,1376.3806218960237,0.7649788234610947,"No Fallback, 90% Confidence"
2Y-000B-F7-01.wav,2.0,533.1027996104159,0.8565750456480092,"No Fallback, 90% Confidence"
3Y-073A-X-01.wav,3.0,536.6250306652205,0.8996014582949716,"No Fallback, 90% Confidence"
10Y-025A-F2-01.wav,10.0,555.5332768796856,0.31487808059901,"No Fallback, 90% Confidence"
0Y-8week-046A-40.wav,0.0,1321.4411952818077,0.6765243149273199,"No Fallback, 90% Confidence"
6Y-002B-M4-01.wav,6.0,633.6571124325399,0.7144375344847932,"No Fallback, 90% Confidence"
5Y-000A-F9-CA-02.wav,5.0,658.5337001737622,0.6893803728744388,"No Fallback, 90% Confidence"
6Y-002B-M3-08.wav,6.0,537.3431181021382,0.49695120763146516,"No Fallback, 90% Confidence"
0.5Y-022A-F1-06.wav,0.5,1203.2325323631462,0.8283545099278932,"No Fallback, 90% Confidence"
7Y-097B-X1-NC-02.wav,7.0,624.5222182386916,0.5512447421039853,Fallback to Mid Confidence (75%)
7Y-019A-X1-06.wav,7.0,742.2011206049084,0.7582973466875652,Fallback to Mid Confidence (75%)
4Y-027A-M1-01.wav,4.0,524.5050643780396,0.531536264611142,Fallback to Mid Confidence (75%)
16Y-057A-X-2-04.wav,16.0,412.9823651779505,0.8703023602434418,"No Fallback, 90% Confidence"
10Y-028A-F2-02.wav,10.0,466.850192507332,0.7057717913581479,"No Fallback, 90% Confidence"
11Y-015A-M6-01.wav,11.0,488.862823993569,0.761307769749738,"No Fallback, 90% Confidence"
4Y-023A-M2-05.wav,4.0,537.385987574546,0.7196493253988379,"No Fallback, 90% Confidence"
2Y-012A-M1-02.wav,2.0,558.7451272870361,0.7161274857971133,"No Fallback, 90% Confidence"
5Y-000A-F2-01.wav,5.0,727.1426917850754,0.7438987195491791,Fallback to Mid Confidence (75%)
10Y-103A-M1-NC-26.wav,10.0,481.651635470914,0.7062402222911979,"No Fallback, 90% Confidence"
10Y-103A-M1-NC-32.wav,10.0,394.7541420289848,0.513590546803815,"No Fallback, 90% Confidence"
10Y-101A-F1-GH-07.wav,10.0,470.1972725618887,0.7373270357779244,"No Fallback, 90% Confidence"
10Y-060A-F1-02.wav,10.0,724.4394862559858,0.8383584795174776,"No Fallback, 90% Confidence"
0Y-6wks-044A-05-2.wav,0.0,1177.872779615348,0.6522700085730876,"No Fallback, 90% Confidence"
10Y-103A-M1-NC-24.wav,10.0,397.1309580274512,0.6332002166997303,"No Fallback, 90% Confidence"
10Y-101A-F1-GH-11.wav,10.0,541.8288431362777,0.3024004904992795,Fallback to Mid Confidence (75%)
10Y-101A-F1-GH-05.wav,10.0,501.9253769091607,0.5545062511449769,"No Fallback, 90% Confidence"
10Y-103A-M1-NC-30.wav,10.0,433.10930001573547,0.7857428870417855,"No Fallback, 90% Confidence"
10Y-103A-M1-NC-18.wav,10.0,508.7228099442678,0.7650368459246777,"No Fallback, 90% Confidence"
3Y-018A-M1-01.wav,3.0,582.1198775743393,0.8132829427719116,"No Fallback, 90% Confidence"
7Y-019A-X1-04.wav,7.0,818.4856133347093,0.2946013691476904,Fallback to Mid Confidence (75%)
4Y-027A-M1-03.wav,4.0,521.8949250505284,0.7268186224003633,"No Fallback, 90% Confidence"
0.5Y-022A-F1-04.wav,0.5,1004.3448322010589,0.6694665455818176,Fallback to Mid Confidence (75%)
7Y-097B-X1-NC-14.wav,7.0,658.6238803323621,0.6318464591492747,"No Fallback, 90% Confidence"
0.5Y-022A-F1-10.wav,0.5,851.6488368854904,0.7867913780690625,"No Fallback, 90% Confidence"
6Y-002B-M4-03.wav,6.0,679.450348016401,0.8742032206576803,"No Fallback, 90% Confidence"
0Y-8week-046A-42.wav,0.0,662.8358912924745,0.6650559795352647,"No Fallback, 90% Confidence"
14Y-051A-F1-02-2.wav,14.0,595.2341851700121,0.3287423327565193,Fallback to Mid Confidence (75%)
0Y-111A-X1-01.wav,0.0,1321.3017049646633,0.5210386052526332,"No Fallback, 90% Confidence"
18Y-059A-M-04.wav,18.0,370.0231316000572,0.7128720133452215,"No Fallback, 90% Confidence"
18Y-059A-M-10.wav,18.0,267.7599709213368,0.2909672522999912,Fallback to Mid Confidence (75%)
16Y-108A-F1-02.wav,16.0,443.4113590184938,0.4916097426181098,"No Fallback, 90% Confidence"
0Y-047A-19.wav,0.0,644.6997486589682,0.8210475487881396,"No Fallback, 90% Confidence"
1Y-063A-X-09.wav,1.0,694.454006720328,0.44143005049434203,"No Fallback, 90% Confidence"
16Y-061A-M-01.wav,16.0,582.171560132152,0.5793571735499427,"No Fallback, 90% Confidence"
8Y-020AB-M8-01.wav,8.0,627.525318562824,0.6084872254577931,"No Fallback, 90% Confidence"
1Y-063A-X-08.wav,1.0,824.8260195711124,0.6049675419926643,"No Fallback, 90% Confidence"
8Y-020AB-M6-04.wav,8.0,470.1076481584023,0.4238945250304378,Fallback to Mid Confidence (75%)
0Y-047A-18.wav,0.0,634.2000008206122,0.8586971666131701,"No Fallback, 90% Confidence"
6Y-036A-X-01.wav,6.0,583.4794586690556,0.4965585413612897,Fallback to Mid Confidence (75%)
2Y-087A_M1-01.wav,2.0,563.653098090404,0.601816517926419,Fallback to Mid Confidence (75%)
16Y-108A-F1-03.wav,16.0,456.96906365471506,0.6327826080137285,"No Fallback, 90% Confidence"
0Y-5wks-014B-X2-04.wav,0.0,1430.818336721718,0.5787729858420789,Fallback to Mid Confidence (75%)
8Y-005A-M1-06.wav,8.0,293.8161400808746,0.5908168464499924,"No Fallback, 90% Confidence"
2Y-000B-F7-02.wav,2.0,576.0017007941271,0.7747851953841746,"No Fallback, 90% Confidence"
18Y-059A-M-05.wav,18.0,355.6446512559765,0.6362263788110935,"No Fallback, 90% Confidence"
0Y-8week-046A-43.wav,0.0,770.7253706246962,0.6746647498355463,"No Fallback, 90% Confidence"
5Y-000A-F9-CA-01.wav,5.0,603.7289724570167,0.6250946770792138,"No Fallback, 90% Confidence"
6Y-002B-M4-02.wav,6.0,678.4384188772425,0.83930554240942,"No Fallback, 90% Confidence"
0.5Y-022A-F1-11.wav,0.5,1008.2641034371462,0.5997261775702964,"No Fallback, 90% Confidence"
7Y-097B-X1-NC-01.wav,7.0,622.7460736583694,0.5911443752334699,"No Fallback, 90% Confidence"
4Y-027A-M1-02.wav,4.0,514.8641446390949,0.6819009877741337,"No Fallback, 90% Confidence"
1Y-066A-M.wav,1.0,490.2883080955695,0.8467140722245273,"No Fallback, 90% Confidence"
7Y-019A-X1-05.wav,7.0,786.4659092946093,0.7284670612125685,"No Fallback, 90% Confidence"
10Y-028A-F2-01.wav,10.0,468.7215995537444,0.8501895468013408,"No Fallback, 90% Confidence"
2Y-012A-M1-01.wav,2.0,668.4873793637461,0.8422353029853166,"No Fallback, 90% Confidence"
4Y-023A-M2-06.wav,4.0,558.4033695524273,0.9107512987178304,"No Fallback, 90% Confidence"
8Y-020AB-M4-01.wav,8.0,467.9692652703302,0.7252996267408741,"No Fallback, 90% Confidence"
10Y-101A-F1-GH-04.wav,10.0,496.81005146639455,0.7542828711336607,"No Fallback, 90% Confidence"
10Y-103A-M1-NC-31.wav,10.0,520.0527218241538,0.8199599932550508,"No Fallback, 90% Confidence"
10Y-103A-M1-NC-25.wav,10.0,466.5088331306476,0.7744330369374332,"No Fallback, 90% Confidence"
10Y-101A-F1-GH-10.wav,10.0,496.8564459866861,0.7414547164784107,"No Fallback, 90% Confidence"
10Y-060A-F1-01.wav,10.0,738.8124086614948,0.8566465854644776,"No Fallback, 90% Confidence"
0Y-6wks-044A-02-2.wav,0.0,1218.9714042812914,0.5248167788377032,"No Fallback, 90% Confidence"
6Y-002A-F3-02.wav,6.0,517.1947140824312,0.8131862569600343,"No Fallback, 90% Confidence"
3Y-072A-X-06.wav,3.0,775.8438747165828,0.3114418084320577,"No Fallback, 90% Confidence"
5Y-000A-F10-CA-01.wav,5.0,544.4153058339141,0.6182660055657228,"No Fallback, 90% Confidence"
5.25Y-099A-F1-NC-02.wav,5.25,969.77601104555,0.5508966571025884,"No Fallback, 90% Confidence"
11Y-015A-M2-01.wav,11.0,523.3042913209634,0.5387773467472902,"No Fallback, 90% Confidence"
11Y-008A-M1-01.wav,11.0,674.6982561958616,0.7655096289155812,"No Fallback, 90% Confidence"
5Y-000A-F6-01.wav,5.0,836.8982275818244,0.7476308345794678,Fallback to Mid Confidence (75%)
1Y-065A-F-08.wav,1.0,432.816197266878,0.5643098029928902,"No Fallback, 90% Confidence"
0Y-8week-046A-18.wav,0.0,862.9448046839841,0.6608451879469723,"No Fallback, 90% Confidence"
14Y-051A-F1-04.wav,14.0,587.0196236445919,0.54386063934914,"No Fallback, 90% Confidence"
0Y-3month-042A-08.wav,0.0,592.2185453858297,0.7242614641785622,"No Fallback, 90% Confidence"
0Y-8week-046A-24.wav,0.0,795.1216385489616,0.5743791501200388,"No Fallback, 90% Confidence"
0Y-8week-046A-30.wav,0.0,832.5133229536004,0.5549954474174782,Fallback to Mid Confidence (75%)
7.5Y-013B-F1-01.wav,7.5,598.1025430861208,0.6523386667648406,"No Fallback, 90% Confidence"
16Y-051B-M-07.wav,16.0,476.3608787776433,0.6087279957408707,Fallback to Mid Confidence (75%)
5Y-000A-F4-04.wav,5.0,604.9356995858419,0.7397622441622749,"No Fallback, 90% Confidence"
17Y-011A-F1-02.wav,17.0,311.99470488179196,0.6447289656201491,"No Fallback, 90% Confidence"
0Y-050A-03.wav,0.0,1080.6453573347187,0.3626518318348605,Fallback to Mid Confidence (75%)
2.5Y-003A-M3.wav,2.5,946.4045755768062,0.6525671945570352,"No Fallback, 90% Confidence"
0Y-040A-03.wav,0.0,1519.100212623683,0.6139766242863103,"No Fallback, 90% Confidence"
3Y-029A-M2-01.wav,3.0,403.196870681844,0.8554701321310811,"No Fallback, 90% Confidence"
7Y-037A-X-01.wav,7.0,449.90761410928616,0.47479253720576314,"No Fallback, 90% Confidence"
6Y-095A-M1-05.wav,6.0,462.1849774255225,0.53257653141214,"No Fallback, 90% Confidence"
15Y-104A-F1-NC-04.wav,15.0,474.1817420808283,0.7985376361067649,"No Fallback, 90% Confidence"
16Y-116A-F1-07.wav,16.0,225.24492734195778,0.36018852452917766,Fallback to Mid Confidence (75%)
16Y-116A-F1-12.wav,16.0,555.2811073408748,0.3173745916225016,Fallback to Mid Confidence (75%)
16Y-116A-F1-06.wav,16.0,496.2422059233424,0.21127834903697174,Fallback to Mid Confidence (75%)
6Y-095A-M1-04.wav,6.0,467.5418488853695,0.6330905888791917,"No Fallback, 90% Confidence"
0Y-040A-02.wav,0.0,1205.850713270002,0.6843544666137961,"No Fallback, 90% Confidence"
5Y-000A-F4-05.wav,5.0,596.8276151524163,0.697482418268919,"No Fallback, 90% Confidence"
2.5Y-003A-M2.wav,2.5,934.8426420340578,0.48397946750952137,"No Fallback, 90% Confidence"
0Y-050A-02.wav,0.0,1014.7239054092261,0.5383051403073801,"No Fallback, 90% Confidence"
17Y-011A-F1-03.wav,17.0,306.62875816988384,0.5271236843739947,"No Fallback, 90% Confidence"
16Y-051B-M-06.wav,16.0,481.73125421845447,0.7119913539465736,"No Fallback, 90% Confidence"
0Y-8week-046A-31.wav,0.0,957.8222056923712,0.48832991018046645,Fallback to Mid Confidence (75%)
0Y-8week-046A-25.wav,0.0,697.5588587550443,0.7445539262246441,"No Fallback, 90% Confidence"
0Y-3month-042A-09.wav,0.0,612.528425452932,0.8934124859552535,"No Fallback, 90% Confidence"
14Y-051A-F1-05.wav,14.0,581.5181100911508,0.5232255167386028,"No Fallback, 90% Confidence"
1Y-065A-F-09.wav,1.0,744.1581724641004,0.672209846890635,"No Fallback, 90% Confidence"
0Y-8week-046A-19.wav,0.0,659.435002563766,0.7207935082691687,"No Fallback, 90% Confidence"
5.25Y-099A-F1-NC-03.wav,5.25,808.2921050400336,0.6610540305705447,"No Fallback, 90% Confidence"
6Y-033A-M-01.wav,6.0,608.660250768636,0.7422445466679134,"No Fallback, 90% Confidence"
10Y-025C-M1-04.wav,10.0,363.24532727358024,0.519369282183193,Fallback to Mid Confidence (75%)
6Y-002A-F3-03.wav,6.0,580.213654604408,0.8541052054081645,"No Fallback, 90% Confidence"
2Y-068A-X-08.wav,2.0,518.0501589363915,0.8478547153403846,"No Fallback, 90% Confidence"
3Y-072A-X-07.wav,3.0,801.2725835730283,0.5315643982388653,"No Fallback, 90% Confidence"
10Y-001A-M6-04.wav,10.0,344.9204965332953,0.6777662449361136,"No Fallback, 90% Confidence"
3Y-072A-X-05.wav,3.0,961.9017961179482,0.4152080295834599,Fallback to Mid Confidence (75%)
6Y-002A-F3-01.wav,6.0,525.2296256018327,0.7742663033400909,"No Fallback, 90% Confidence"
5Y-000A-F10-CA-02.wav,5.0,664.3875053670221,0.6254942912450978,"No Fallback, 90% Confidence"
14Y-051A-F1-01 2.wav,14.0,659.3258112060337,0.43729178960724124,"No Fallback, 90% Confidence"
6Y-033A-M-03.wav,6.0,564.5670983751809,0.5984732987181771,"No Fallback, 90% Confidence"
2.5Y-003A-M1-01.wav,2.5,862.7727733402771,0.8615257916755454,"No Fallback, 90% Confidence"
5.25Y-099A-F1-NC-01.wav,5.25,754.9421979761305,0.6445427640912033,"No Fallback, 90% Confidence"
10Y-039A-X-02.wav,10.0,522.2353428571107,0.8464651142963938,"No Fallback, 90% Confidence"
11Y-008A-M1-02.wav,11.0,670.3640796857878,0.881578315839623,"No Fallback, 90% Confidence"
16Y-057A-X-2-02 2.wav,16.0,449.7860365295399,0.6751515065603282,"No Fallback, 90% Confidence"
14Y-051A-F1-07.wav,14.0,538.1990501990698,0.23344182912260295,Fallback to Low Confidence (50%)
7.5Y-013B-F1-02.wav,7.5,949.8423378795466,0.7711403091748555,"No Fallback, 90% Confidence"
0Y-8week-046A-33.wav,0.0,782.3474939204639,0.5329777375813953,"No Fallback, 90% Confidence"
0Y-8week-046A-27.wav,0.0,697.7390016638823,0.6726272508310966,"No Fallback, 90% Confidence"
7Y-026A-F1-01.wav,7.0,590.3859932249175,0.7317048022523522,"No Fallback, 90% Confidence"
16Y-051B-M-04.wav,16.0,482.37010201126014,0.7417626501839669,"No Fallback, 90% Confidence"
3Y-029A-M2-02.wav,3.0,391.6821640592412,0.8612532185922775,"No Fallback, 90% Confidence"
5Y-000A-F4-07.wav,5.0,888.3484594079483,0.5826401637965127,"No Fallback, 90% Confidence"
6Y-095A-M1-06.wav,6.0,456.72652306663815,0.4104842781089246,Fallback to Mid Confidence (75%)
13Y-016A-M2-04.wav,13.0,462.4474073185638,0.6679171967506409,"No Fallback, 90% Confidence"
10Y-001A-M4-01.wav,10.0,416.2969650780105,0.6231253186486801,"No Fallback, 90% Confidence"
7Y-037A-X-02.wav,7.0,701.3938386584108,0.55686818347675,"No Fallback, 90% Confidence"
16Y-116A-F1-10.wav,16.0,979.9253750527722,0.2140168181225045,Fallback to Mid Confidence (75%)
16Y-116A-F1-04.wav,16.0,468.4992757265491,0.4969814199133105,"No Fallback, 90% Confidence"
16Y-116A-F1-05.wav,16.0,436.3287220428128,0.4243749996711468,Fallback to Mid Confidence (75%)
16Y-116A-F1-11.wav,16.0,544.1222926898178,0.1131603879442152,Fallback to Low Confidence (50%)
6Y-095A-M1-07.wav,6.0,470.21831328435394,0.6600607908330858,"No Fallback, 90% Confidence"
13Y-016A-M2-05.wav,13.0,498.31985342357723,0.42633556453398913,"No Fallback, 90% Confidence"
0Y-050A-01.wav,0.0,1008.4149890084618,0.4846699134201057,"No Fallback, 90% Confidence"
5Y-000A-F4-06.wav,5.0,522.7790696493946,0.726618438854184,"No Fallback, 90% Confidence"
0Y-040A-01.wav,0.0,1530.1203645972316,0.7546340726724227,"No Fallback, 90% Confidence"
3Y-029A-M2-03.wav,3.0,414.01048219131025,0.7578302204608918,"No Fallback, 90% Confidence"
16Y-051B-M-05.wav,16.0,487.13769434217403,0.7727311836636584,"No Fallback, 90% Confidence"
0Y-8week-046A-26.wav,0.0,849.0330991294395,0.7463890474151682,"No Fallback, 90% Confidence"
7.5Y-013B-F1-03.wav,7.5,591.457219332321,0.6479401341861203,"No Fallback, 90% Confidence"
0Y-8week-046A-32.wav,0.0,786.952241801377,0.46420124121941625,"No Fallback, 90% Confidence"
14Y-051A-F1-06.wav,14.0,517.0993689591672,0.27105060703598144,Fallback to Mid Confidence (75%)
11Y-008A-M1-03.wav,11.0,680.6905571641684,0.7518866940339406,"No Fallback, 90% Confidence"
10Y-039A-X-03.wav,10.0,528.2594456736523,0.9024674441115778,"No Fallback, 90% Confidence"
6Y-033A-M-02.wav,6.0,614.6109297743652,0.7319555195129436,"No Fallback, 90% Confidence"
5Y-000A-F10-CA-03.wav,5.0,622.1099979418182,0.7784882837267064,"No Fallback, 90% Confidence"
3Y-072A-X-04.wav,3.0,898.868791883115,0.8273617389637071,"No Fallback, 90% Confidence"
6Y-002A-F3-04.wav,6.0,671.8636872883145,0.8817421083941179,"No Fallback, 90% Confidence"
5Y-000A-F11-01.wav,5.0,582.2994294666909,0.622718734400613,"No Fallback, 90% Confidence"
10Y-001A-M6-01.wav,10.0,367.1232688750767,0.7010637389418358,"No Fallback, 90% Confidence"
6Y-033A-M-06.wav,6.0,593.0377021280632,0.7138162625523714,"No Fallback, 90% Confidence"
10Y-025C-M1-03.wav,10.0,374.52174366490857,0.8035405896328114,"No Fallback, 90% Confidence"
2Y-000B-F1-02.wav,2.0,641.7487869041975,0.668280595415075,"No Fallback, 90% Confidence"
4Y-019B-X1-01.wav,4.0,302.4143979110871,0.5735460489042221,"No Fallback, 90% Confidence"
14Y-051A-F1-03-2.wav,14.0,680.9892048087954,0.5422505982634094,"No Fallback, 90% Confidence"
3Y-071A-X-08.wav,3.0,505.33819820031533,0.7855553901413592,"No Fallback, 90% Confidence"
5.25Y-099A-F1-NC-04.wav,5.25,710.1161457460602,0.6990432415319525,"No Fallback, 90% Confidence"
5Y-000A-F8-02.wav,5.0,585.2538200589815,0.6544017027147481,"No Fallback, 90% Confidence"
10Y-039A-X-07.wav,10.0,504.99833361310147,0.7091526351599158,"No Fallback, 90% Confidence"
1.5Y-014A-F1-NC-03.wav,1.5,736.4132014736474,0.4575125575065613,Fallback to Mid Confidence (75%)
0Y-8week-046A-36.wav,0.0,880.4243686042715,0.5415710078908459,Fallback to Mid Confidence (75%)
7Y-025B-F1-02.wav,7.0,491.50828903892653,0.307610877789557,Fallback to Low Confidence (50%)
0Y-8week-046A-22.wav,0.0,838.8280225859814,0.758358880538832,"No Fallback, 90% Confidence"
14Y-051A-F1-02.wav,14.0,590.3774573292665,0.5376691073696647,"No Fallback, 90% Confidence"
8Y-020AB-M2-01.wav,8.0,497.805317905746,0.4320108029310421,"No Fallback, 90% Confidence"
0Y-040A-05.wav,0.0,1312.865481968949,0.7724274384220027,"No Fallback, 90% Confidence"
5Y-000A-F4-02.wav,5.0,620.9098566994428,0.5887254842821801,"No Fallback, 90% Confidence"
2Y-031A-F1-01.wav,2.0,798.4925371268224,0.6951223281468009,"No Fallback, 90% Confidence"
0Y-050A-05.wav,0.0,1060.469697182648,0.5768633211264387,"No Fallback, 90% Confidence"
16Y-051B-M-01.wav,16.0,500.9853093502986,0.6861779936722346,"No Fallback, 90% Confidence"
6Y-002A-F1-01.wav,6.0,873.9463702951394,0.8498954954557121,"No Fallback, 90% Confidence"
15Y-056A-X-01.wav,15.0,431.9595813017061,0.506078300312504,"No Fallback, 90% Confidence"
15Y-104A-F1-NC-02.wav,15.0,442.49623122793446,0.7591977005655115,"No Fallback, 90% Confidence"
13Y-016A-M2-01.wav,13.0,655.0228123346086,0.5587369986671082,Fallback to Mid Confidence (75%)
0Y-6wks-044A-04-2.wav,0.0,1140.6689839061055,0.6507554747430342,"No Fallback, 90% Confidence"
6Y-095A-M1-03.wav,6.0,492.27506456958713,0.4360747070210736,"No Fallback, 90% Confidence"
16Y-116A-F1-01.wav,16.0,505.4333234746949,0.6242575384915258,"No Fallback, 90% Confidence"
6Y-002B-M2-02.wav,6.0,589.1116046713702,0.7653347048163414,"No Fallback, 90% Confidence"
0Y-041A-01.wav,0.0,1034.8734960880706,0.2486014369254311,Fallback to Mid Confidence (75%)
6Y-095A-M1-02.wav,6.0,503.21316623217,0.7362173625826836,"No Fallback, 90% Confidence"
15Y-104A-F1-NC-03.wav,15.0,440.817742868986,0.7557292943651026,"No Fallback, 90% Confidence"
0Y-115A-X1.wav,0.0,1162.157831709471,0.8408172889700476,"No Fallback, 90% Confidence"
0Y-040A-10.wav,0.0,1142.0534118816229,0.576306231532778,Fallback to Mid Confidence (75%)
5Y-000A-F4-03.wav,5.0,622.0270956958565,0.8158498123540716,"No Fallback, 90% Confidence"
0Y-050A-04.wav,0.0,1054.597830959668,0.46267669011027585,"No Fallback, 90% Confidence"
0Y-040A-04.wav,0.0,1391.2474178817529,0.5523683128311582,Fallback to Mid Confidence (75%)
3Y-029A-M2-06.wav,3.0,569.4258852038597,0.7854069087066149,"No Fallback, 90% Confidence"
14Y-051A-F1-03.wav,14.0,595.7076047026196,0.6257465758050481,"No Fallback, 90% Confidence"
0Y-8week-046A-23.wav,0.0,796.0194424010286,0.6418122881130405,"No Fallback, 90% Confidence"
0Y-8week-046A-37.wav,0.0,648.96045926121,0.7426382934417182,"No Fallback, 90% Confidence"
1.5Y-014A-F1-NC-02.wav,1.5,629.2302888775148,0.8097845963809801,"No Fallback, 90% Confidence"
10Y-039A-X-06.wav,10.0,505.2517133630334,0.80639780650106,"No Fallback, 90% Confidence"
14Y-093A-X1-01.wav,14.0,577.8505458037795,0.8417855330996893,"No Fallback, 90% Confidence"
8Y-020AB-M11-01.wav,8.0,597.8098038637276,0.658484774745173,"No Fallback, 90% Confidence"
5.25Y-099A-F1-NC-05.wav,5.25,696.9586175786952,0.6883092391459892,"No Fallback, 90% Confidence"
3Y-071A-X-09.wav,3.0,493.2827399484244,0.7888336029280437,"No Fallback, 90% Confidence"
16Y-057A-X-01.wav,16.0,420.7843277481305,0.5401033257956726,"No Fallback, 90% Confidence"
2Y-000B-F1-03.wav,2.0,668.8835558669338,0.7833310001987522,"No Fallback, 90% Confidence"
10Y-025C-M1-02.wav,10.0,429.9541207543155,0.8207851847012838,"No Fallback, 90% Confidence"
6Y-033A-M-07.wav,6.0,564.8960672020987,0.6860089759031932,"No Fallback, 90% Confidence"
6Y-002A-F3-05.wav,6.0,588.5065229052373,0.7539495869298999,"No Fallback, 90% Confidence"
3Y-072A-X-01.wav,3.0,826.5159319439341,0.47511752769351007,"No Fallback, 90% Confidence"
3Y-072A-X-03.wav,3.0,853.1144186157587,0.4968647625037404,Fallback to Mid Confidence (75%)
6Y-002A-F3-07.wav,6.0,620.2042679428512,0.8737841612986617,"No Fallback, 90% Confidence"
10Y-001A-M6-02.wav,10.0,369.96573322903043,0.7599171348223367,"No Fallback, 90% Confidence"
2Y-000B-F1-01.wav,2.0,616.9379920767882,0.7896412534098471,"No Fallback, 90% Confidence"
6Y-033A-M-05.wav,6.0,644.6595085368001,0.7488362136876808,"No Fallback, 90% Confidence"
2Y-076A-M.wav,2.0,778.2478940946494,0.7512638496941534,"No Fallback, 90% Confidence"
5Y-000B-F10-CA-01.wav,5.0,578.6866084212822,0.7260214538902653,"No Fallback, 90% Confidence"
10Y-039A-X-04.wav,10.0,523.4755048364448,0.8114737445396967,"No Fallback, 90% Confidence"
11Y-008A-M1-04.wav,11.0,656.5658526025015,0.8282744400687032,"No Fallback, 90% Confidence"
5Y-000A-F8-01.wav,5.0,685.8719028741101,0.7947301720750743,"No Fallback, 90% Confidence"
0Y-8week-046A-21.wav,0.0,1002.5142489140073,0.742203711271286,"No Fallback, 90% Confidence"
7Y-025B-F1-01.wav,7.0,349.8218381517946,0.17089157854872092,Fallback to All Data
0Y-8week-046A-35.wav,0.0,1436.0293665995605,0.4858690842054784,"No Fallback, 90% Confidence"
14Y-051A-F1-01.wav,14.0,572.6020232108392,0.5062649869001828,"No Fallback, 90% Confidence"
5Y-000A-F9-HD-09.wav,5.0,1565.227388694162,0.2833519390784204,Fallback to Low Confidence (50%)
0Y-8week-046A-09.wav,0.0,635.1570692013316,0.6878021007315034,"No Fallback, 90% Confidence"
5Y-000A-F4-01.wav,5.0,468.1355847922439,0.6901680536327823,"No Fallback, 90% Confidence"
2Y-031A-F1-02.wav,2.0,693.7305304512817,0.7475796074010013,"No Fallback, 90% Confidence"
0Y-040A-06.wav,0.0,1228.0957098423219,0.6004392624092407,"No Fallback, 90% Confidence"
3Y-029A-M2-04.wav,3.0,409.0956016213817,0.8329945653676987,"No Fallback, 90% Confidence"
8Y-020AB-M2-02.wav,8.0,494.52646358932725,0.29569347881638974,"No Fallback, 90% Confidence"
16Y-051B-M-02.wav,16.0,518.9481187137901,0.5975501762360943,Fallback to Mid Confidence (75%)
15Y-056A-X-02.wav,15.0,396.67391717489267,0.5284957900888972,"No Fallback, 90% Confidence"
4Y-004A-F1-01.wav,4.0,619.2531894295308,0.8708589313165197,"No Fallback, 90% Confidence"
15Y-104A-F1-NC-01.wav,15.0,474.1820523279689,0.7818315373397017,"No Fallback, 90% Confidence"
6Y-002A-F1-02.wav,6.0,823.1692787228554,0.7326785205375581,"No Fallback, 90% Confidence"
13Y-016A-M2-02.wav,13.0,457.9040084873568,0.5230619566308128,"No Fallback, 90% Confidence"
16Y-116A-F1-02.wav,16.0,525.1842623618991,0.4600551028645808,Fallback to Mid Confidence (75%)
6Y-002B-M2-01.wav,6.0,531.3843903381119,0.7007541684331474,"No Fallback, 90% Confidence"
7Y-026B-M2.wav,7.0,454.88520306694573,0.7670253243711259,"No Fallback, 90% Confidence"
2Y-100A-M1-NC.wav,2.0,755.5473578673257,0.5878803756326264,"No Fallback, 90% Confidence"
16Y-116A-F1-03.wav,16.0,498.93487701354616,0.32795332028687774,"No Fallback, 90% Confidence"
6Y-095A-M1-01.wav,6.0,581.3072722310395,0.6390707336583183,"No Fallback, 90% Confidence"
13Y-016A-M2-03.wav,13.0,469.10492644828435,0.4728068761423091,"No Fallback, 90% Confidence"
15Y-056A-X-03.wav,15.0,381.0716670565657,0.3763624687849636,"No Fallback, 90% Confidence"
16Y-051B-M-03.wav,16.0,500.29448952834485,0.8049654731595958,"No Fallback, 90% Confidence"
3Y-029A-M2-05.wav,3.0,366.6953124339987,0.8093807402765378,"No Fallback, 90% Confidence"
0Y-040A-07.wav,0.0,1177.1558580593526,0.5367329090971638,"No Fallback, 90% Confidence"
2Y-031A-F1-03.wav,2.0,606.9529148618658,0.6290419551311061,"No Fallback, 90% Confidence"
0Y-8week-046A-08.wav,0.0,694.2171804130758,0.6409967415136834,"No Fallback, 90% Confidence"
5Y-000A-F9-HD-08.wav,5.0,455.93226687057387,0.24975297215612643,Fallback to Low Confidence (50%)
0Y-8week-046A-34.wav,0.0,829.53975990289,0.4674876559874974,Fallback to Mid Confidence (75%)
0Y-8week-046A-20.wav,0.0,1059.6709994348894,0.74007822010877,"No Fallback, 90% Confidence"
1.5Y-014A-F1-NC-01.wav,1.5,811.9023958418433,0.8316820470823182,"No Fallback, 90% Confidence"
11Y-008A-M1-05.wav,11.0,648.8722208047033,0.8796148171988867,"No Fallback, 90% Confidence"
10Y-039A-X-05.wav,10.0,509.15839044962286,0.8404433818196687,"No Fallback, 90% Confidence"
14Y-093A-X1-02.wav,14.0,639.8016303254498,0.6048898200194041,Fallback to Mid Confidence (75%)
5.25Y-099A-F1-NC-06.wav,5.25,660.069304798042,0.6949955779185266,"No Fallback, 90% Confidence"
16Y-057A-X-02.wav,16.0,412.2363288118966,0.4722751628259442,"No Fallback, 90% Confidence"
6Y-033A-M-04.wav,6.0,650.7358811493103,0.7733665358635687,"No Fallback, 90% Confidence"
10Y-025C-M1-01.wav,10.0,423.25623928816094,0.6327733089312397,"No Fallback, 90% Confidence"
10Y-001A-M6-03.wav,10.0,358.23053030203516,0.734793711914727,"No Fallback, 90% Confidence"
3Y-072A-X-02.wav,3.0,912.3308191927473,0.5871369974731013,"No Fallback, 90% Confidence"
6Y-002A-F3-06.wav,6.0,601.1069669489895,0.858307513097922,"No Fallback, 90% Confidence"
